customer_id,name,email,gender,birth_date
1,Brian Hanson,xhebert@example.com,M,1971-06-26
2,Nicole Ortiz,antonioreyes@example.com,F,1959-02-25
3,William Skinner,dalton25@example.com,M,1958-05-08
4,Kevin Allison,guerreroblake@example.com,F,1991-05-31
5,Christopher Nguyen,kellypatton@example.com,F,1961-12-13
6,Kara Ramirez,alan53@example.com,M,1997-02-08
7,Amanda Bowen,alfredsantiago@example.net,M,1986-08-19
8,Jennifer Cook,ewagner@example.net,F,1992-06-05
9,Ian Torres,dylan07@example.com,M,1962-02-10
10,Amy Chapman,qtyler@example.com,F,1972-09-09
11,Teresa Bell,staceyschultz@example.net,F,1957-04-05
12,Gina Burns,paulfloyd@example.org,M,1965-10-18
13,Donna Flores,barryking@example.com,M,1959-10-13
14,Darren Fields,helenwarner@example.org,M,1984-04-18
15,Sarah Phillips,brad39@example.com,F,2005-09-24
16,Carol Gomez,xchan@example.net,M,1977-05-11
17,Linda Anderson,stephaniewhite@example.org,F,1975-06-13
18,Benjamin Craig,westfrank@example.com,M,1961-05-11
19,Steve Cox,lisa98@example.com,F,1958-06-10
20,Veronica Jackson,xwilliamson@example.com,M,2000-03-28
21,Michael Rodriguez,thurst@example.net,F,1973-08-31
22,Dillon Bryant,qgarcia@example.org,F,1955-08-10
23,Jacqueline Thomas,crystaljohnson@example.org,F,1989-05-06
24,Cole Fernandez,armstrongdeanna@example.com,M,1986-03-26
25,Isaiah Cameron,anthonyhoffman@example.org,F,1970-04-08
26,Jennifer Barajas,dwright@example.com,F,1998-10-08
27,Molly Miller,gabrieldougherty@example.com,M,1981-02-21
28,Perry Ortiz,stevenwood@example.net,F,1966-05-23
29,Mitchell Martin,jeffreycontreras@example.com,M,1975-04-20
30,David Perkins,cbaker@example.net,F,1994-04-02
31,Ashley Spencer,mholder@example.org,M,1967-01-15
32,Peggy Nelson,nguyenscott@example.com,M,1991-09-02
33,Monica Allen,khayes@example.com,F,1975-02-20
34,Peter Moore,xjohnson@example.net,M,2005-05-25
35,Amber Becker,jacqueline33@example.com,M,1956-09-19
36,Anthony Johnson,warddaniel@example.com,F,2004-03-25
37,Bradley Valencia,valenciakimberly@example.org,F,1980-02-26
38,Mary Berry,stacynorton@example.com,F,1999-01-03
39,Maria Barr,davidcampbell@example.org,F,1974-05-18
40,Michael Simpson,lewisjames@example.org,M,1997-04-26
41,Ms. Kim Wilson,cory38@example.org,M,1979-06-05
42,Anthony Miller,shawnmelton@example.net,F,1956-09-06
43,Paul Hernandez,wagnersherri@example.com,M,1973-02-08
44,Dr. Nathaniel Chang,mariebell@example.com,M,1965-01-12
45,Jill Solomon,elizabethhill@example.com,F,1992-10-24
46,Kathleen Taylor,taylorbrian@example.com,F,1954-12-29
47,Mark Logan,johnsonsusan@example.org,F,1964-12-21
48,Michael Harper,stephaniecarter@example.com,M,1986-01-29
49,Brad Peters,sullivantheresa@example.org,F,1956-12-23
50,Kenneth Matthews,michelle28@example.com,M,1991-07-10
51,Rachel Robinson MD,gdyer@example.com,F,1971-05-18
52,Gerald Washington,thompsonshawn@example.net,M,1995-06-25
53,Bryan Todd,joshuavaldez@example.net,M,1984-01-14
54,Kenneth Burns,travisgarcia@example.net,M,1999-11-16
55,Kevin Smith,shelbygonzales@example.com,F,1982-01-04
56,Nicholas Vaughan,lynchwillie@example.com,M,1996-12-08
57,Donald Torres,davidbrown@example.com,M,1961-11-27
58,David Graham,ochoakelly@example.net,M,1959-09-09
59,Christopher Walton,jmccarthy@example.org,M,1991-08-30
60,Steven Castro,ramosrobert@example.net,F,1996-10-25
61,Kristine Bennett,ujohnson@example.net,F,1974-07-13
62,Laura Ward,codyjohnson@example.com,M,1987-07-09
63,Jessica Smith,michaelcruz@example.net,F,1959-11-14
64,Tracy Harrington,douglas23@example.net,M,1987-05-13
65,Kevin Morrison,michael35@example.com,M,2006-10-06
66,Brian Howe,juliearmstrong@example.com,F,1957-06-01
67,Gary Davis,dylan46@example.com,F,2004-04-22
68,Peggy Hutchinson,david50@example.org,F,1979-03-13
69,Cindy Kelly,tiffany27@example.org,F,1980-03-18
70,Justin Martin,tara82@example.com,M,2006-08-31
71,Gregory Davis,josephcampbell@example.net,M,1969-02-08
72,Kyle Lee,laurabarr@example.org,F,1985-06-14
73,Brittany Steele,dhall@example.org,M,1957-07-24
74,Raymond Turner,lfletcher@example.net,F,2006-12-05
75,Donna Gill,gonzalezalexa@example.org,F,2007-05-02
76,Crystal Davis,michael16@example.org,M,1960-12-13
77,Ashley Miller MD,zdaniel@example.net,M,1981-05-04
78,Dr. Cindy Peterson MD,randymontgomery@example.net,M,1996-12-29
79,Zachary Gonzalez,shane03@example.com,F,1968-12-15
80,Wendy Pruitt,ryan61@example.net,M,1988-10-05
81,James Wiggins,adammedina@example.net,M,1982-11-26
82,John Lewis,ksutton@example.net,M,1993-12-21
83,Rachel Cervantes,beckerjulia@example.com,M,1999-07-29
84,Christopher Mccarty,kimberly01@example.net,F,1981-05-02
85,Michael Harrison,jeanette28@example.com,M,1963-05-01
86,Jamie Kelly,weaverdennis@example.com,F,1974-08-05
87,Austin Turner,guy71@example.net,M,1958-12-05
88,Christopher Miller,michaelholmes@example.org,M,1997-12-28
89,Lisa Moyer,andrewmcdonald@example.com,F,2001-09-10
90,Diane Holloway,russodanielle@example.com,F,1963-02-23
91,Margaret Donaldson,umiller@example.org,M,2004-09-12
92,Christopher Williamson,jerrythompson@example.net,F,1966-12-14
93,Frank Callahan MD,knappjoseph@example.org,M,1978-02-01
94,Jeremy Brock,juliecochran@example.org,M,1957-07-29
95,David Keller,shellymcmillan@example.org,F,1956-06-26
96,Henry Smith,amanda85@example.net,M,1958-10-04
97,Sherry Little,rickyjohnson@example.net,F,1978-07-20
98,Sherri Wright,alicia31@example.com,F,1998-06-16
99,Elizabeth Nicholson,justinjacobson@example.com,M,1993-06-17
100,Nancy Orr,hunterjerry@example.net,F,1976-04-07
